[{"sheetname":"Belhaven Pass","TotalCalls":28,"Efficiency %":53.571428571428569},{"sheetname":"Belhaven Run","TotalCalls":31,"Efficiency %":54.838709677419352},{"sheetname":"Berry Pass","TotalCalls":37,"Efficiency %":45.945945945945951},{"sheetname":"Berry Run","TotalCalls":17,"Efficiency %":52.941176470588239},{"sheetname":"Centre Pass","TotalCalls":42,"Efficiency %":33.333333333333329},{"sheetname":"Centre Run","TotalCalls":32,"Efficiency %":31.25},{"sheetname":"DePauw Pass","TotalCalls":46,"Efficiency %":52.173913043478258},{"sheetname":"DePauw Run","TotalCalls":21,"Efficiency %":14.285714285714285},{"sheetname":"Greensboro Pass","TotalCalls":31,"Efficiency %":51.612903225806448},{"sheetname":"Greensboro Run","TotalCalls":33,"Efficiency %":54.54545454545454},{"sheetname":"Huntingdon Pass","TotalCalls":29,"Efficiency %":58.620689655172406},{"sheetname":"Huntingdon Run","TotalCalls":27,"Efficiency %":40.74074074074074},{"sheetname":"Lagrange Pass","TotalCalls":28,"Efficiency %":60.714285714285708},{"sheetname":"Lagrange Run","TotalCalls":35,"Efficiency %":60.0},{"sheetname":"Methodist Pass","TotalCalls":18,"Efficiency %":61.111111111111114},{"sheetname":"Methodist Run","TotalCalls":35,"Efficiency %":68.571428571428569},{"sheetname":"NC Wesleyan Pass","TotalCalls":26,"Efficiency %":57.692307692307686},{"sheetname":"NC Wesleyan Run","TotalCalls":39,"Efficiency %":56.410256410256409},{"sheetname":"Reg. Season Pass","TotalCalls":259,"Efficiency %":52.895752895752899},{"sheetname":"Reg. Season Run","TotalCalls":295,"Efficiency %":58.305084745762713},{"sheetname":"Reg.+Postseason Pass","TotalCalls":342,"Efficiency %":52.046783625730995},{"sheetname":"Reg.+Postseason Run","TotalCalls":330,"Efficiency %":55.757575757575765},{"sheetname":"Sewanee Pass","TotalCalls":31,"Efficiency %":51.612903225806448},{"sheetname":"Sewanee Run","TotalCalls":27,"Efficiency %":51.851851851851848},{"sheetname":"Southern Virginia Pass","TotalCalls":35,"Efficiency %":60.0},{"sheetname":"Southern Virginia Run","TotalCalls":36,"Efficiency %":66.666666666666657}]