{
  "rosters": [
    {
      "created_at": "2025-08-21T11:26:58.486225",
      "filename": "Test 24.json",
      "name": "Test '24",
      "player_count": 29,
      "players": {
        "player_115": {
          "id": "player_115",
          "name": "Ford",
          "number": 9,
          "position": "WR"
        },
        "player_116": {
          "id": "player_116",
          "name": "Rollins",
          "number": 10,
          "position": "QB"
        },
        "player_117": {
          "id": "player_117",
          "name": "White",
          "number": 14,
          "position": "ILB"
        },
        "player_118": {
          "id": "player_118",
          "name": "Jones",
          "number": 16,
          "position": "TE"
        },
        "player_119": {
          "id": "player_119",
          "name": "Cummings",
          "number": 19,
          "position": "QB"
        },
        "player_120": {
          "id": "player_120",
          "name": "Abner",
          "number": 20,
          "position": "RB"
        },
        "player_121": {
          "id": "player_121",
          "name": "Swinea",
          "number": 22,
          "position": "RB"
        },
        "player_122": {
          "id": "player_122",
          "name": "Hensley",
          "number": 24,
          "position": "WR"
        },
        "player_123": {
          "id": "player_123",
          "name": "Brown",
          "number": 25,
          "position": "RB"
        },
        "player_124": {
          "id": "player_124",
          "name": "Elliot",
          "number": 28,
          "position": "RB"
        },
        "player_125": {
          "id": "player_125",
          "name": "Carter Jr.",
          "number": 1,
          "position": "WR"
        },
        "player_126": {
          "id": "player_126",
          "name": "Marlin",
          "number": 34,
          "position": "TE"
        },
        "player_127": {
          "id": "player_127",
          "name": "Bost",
          "number": 54,
          "position": "MLB"
        },
        "player_128": {
          "id": "player_128",
          "name": "Evans",
          "number": 80,
          "position": "WR"
        },
        "player_129": {
          "id": "player_129",
          "name": "Page",
          "number": 82,
          "position": "WR"
        },
        "player_130": {
          "id": "player_130",
          "name": "Sanz",
          "number": 83,
          "position": "WR"
        },
        "player_131": {
          "id": "player_131",
          "name": "Skelton",
          "number": 84,
          "position": "WR"
        },
        "player_132": {
          "id": "player_132",
          "name": "Bolton",
          "number": 85,
          "position": "WR"
        },
        "player_133": {
          "id": "player_133",
          "name": "Messenger",
          "number": 86,
          "position": "WR"
        },
        "player_134": {
          "id": "player_134",
          "name": "McCullough",
          "number": 87,
          "position": "TE"
        },
        "player_135": {
          "id": "player_135",
          "name": "Whaley",
          "number": 14,
          "position": "WR"
        },
        "player_136": {
          "id": "player_136",
          "name": "Orton",
          "number": 2,
          "position": "WR"
        },
        "player_137": {
          "id": "player_137",
          "name": "Whaley",
          "number": 14,
          "position": "WR"
        },
        "player_138": {
          "id": "player_138",
          "name": "McCovery IV",
          "number": 3,
          "position": "RB"
        },
        "player_139": {
          "id": "player_139",
          "name": "Richardson",
          "number": 4,
          "position": "WR"
        },
        "player_140": {
          "id": "player_140",
          "name": "Redd",
          "number": 5,
          "position": "WR"
        },
        "player_141": {
          "id": "player_141",
          "name": "Dagel",
          "number": 6,
          "position": "WR"
        },
        "player_142": {
          "id": "player_142",
          "name": "Claiborne",
          "number": 7,
          "position": "RB"
        },
        "player_143": {
          "id": "player_143",
          "name": "Edmundson",
          "number": 8,
          "position": "WR"
        }
      }
    },
    {
      "created_at": "2025-08-21T11:26:58.486225",
      "filename": "Test_24.json",
      "name": "Test '24",
      "player_count": 29,
      "players": {
        "player_115": {
          "id": "player_115",
          "name": "Ford",
          "number": 9,
          "position": "WR"
        },
        "player_116": {
          "id": "player_116",
          "name": "Rollins",
          "number": 10,
          "position": "QB"
        },
        "player_117": {
          "id": "player_117",
          "name": "White",
          "number": 14,
          "position": "ILB"
        },
        "player_118": {
          "id": "player_118",
          "name": "Jones",
          "number": 16,
          "position": "TE"
        },
        "player_119": {
          "id": "player_119",
          "name": "Cummings",
          "number": 19,
          "position": "QB"
        },
        "player_120": {
          "id": "player_120",
          "name": "Abner",
          "number": 20,
          "position": "RB"
        },
        "player_121": {
          "id": "player_121",
          "name": "Swinea",
          "number": 22,
          "position": "RB"
        },
        "player_122": {
          "id": "player_122",
          "name": "Hensley",
          "number": 24,
          "position": "WR"
        },
        "player_123": {
          "id": "player_123",
          "name": "Brown",
          "number": 25,
          "position": "RB"
        },
        "player_124": {
          "id": "player_124",
          "name": "Elliot",
          "number": 28,
          "position": "RB"
        },
        "player_125": {
          "id": "player_125",
          "name": "Carter Jr.",
          "number": 1,
          "position": "WR"
        },
        "player_126": {
          "id": "player_126",
          "name": "Marlin",
          "number": 34,
          "position": "TE"
        },
        "player_127": {
          "id": "player_127",
          "name": "Bost",
          "number": 54,
          "position": "MLB"
        },
        "player_128": {
          "id": "player_128",
          "name": "Evans",
          "number": 80,
          "position": "WR"
        },
        "player_129": {
          "id": "player_129",
          "name": "Page",
          "number": 82,
          "position": "WR"
        },
        "player_130": {
          "id": "player_130",
          "name": "Sanz",
          "number": 83,
          "position": "WR"
        },
        "player_131": {
          "id": "player_131",
          "name": "Skelton",
          "number": 84,
          "position": "WR"
        },
        "player_132": {
          "id": "player_132",
          "name": "Bolton",
          "number": 85,
          "position": "WR"
        },
        "player_133": {
          "id": "player_133",
          "name": "Messenger",
          "number": 86,
          "position": "WR"
        },
        "player_134": {
          "id": "player_134",
          "name": "McCullough",
          "number": 87,
          "position": "TE"
        },
        "player_135": {
          "id": "player_135",
          "name": "Whaley",
          "number": 14,
          "position": "WR"
        },
        "player_136": {
          "id": "player_136",
          "name": "Orton",
          "number": 2,
          "position": "WR"
        },
        "player_137": {
          "id": "player_137",
          "name": "Whaley",
          "number": 14,
          "position": "WR"
        },
        "player_138": {
          "id": "player_138",
          "name": "McCovery IV",
          "number": 3,
          "position": "RB"
        },
        "player_139": {
          "id": "player_139",
          "name": "Richardson",
          "number": 4,
          "position": "WR"
        },
        "player_140": {
          "id": "player_140",
          "name": "Redd",
          "number": 5,
          "position": "WR"
        },
        "player_141": {
          "id": "player_141",
          "name": "Dagel",
          "number": 6,
          "position": "WR"
        },
        "player_142": {
          "id": "player_142",
          "name": "Claiborne",
          "number": 7,
          "position": "RB"
        },
        "player_143": {
          "id": "player_143",
          "name": "Edmundson",
          "number": 8,
          "position": "WR"
        }
      }
    }
  ],
  "success": true
}
